/ExerciseSubmissionResult,/CurExercise,/IsNewExercise,/Time,/robot_dialogue,/MoveBlock,/Submit,/KC
,0,False,0,,False,False,0
,0,False,8,,True,False,0.511035088594207
,0,False,14,hint_dialogue,False,False,0.0900187062274872
,0,False,19,hint_dialogue,True,False,0.2543148896533136
,0,False,21,,False,False,0.7417175029979829
,0,False,21,,True,False,0.5204660992121029
True,0,False,31,correct_exercise_dialogue,True,True,0.501900036163969
,1,True,34,new_exercise_dialogue,False,False,0.8978908406324747
False,1,False,42,incorrect_exercise_dialogue,False,True,0.9995014144356476
,1,False,52,hint_dialogue,True,False,0.4390986097258023
False,1,False,55,incorrect_exercise_dialogue,False,True,0.834576018455225
,1,False,55,,False,False,0.6918754458895459
,1,False,64,,False,False,0.6707107211740583
,1,False,74,hint_dialogue,True,False,0.09716909050706835
,1,False,79,hint_dialogue,True,False,0.33626855204187467
,1,False,86,hint_dialogue,True,False,0.49245928093374514
,1,False,89,,True,False,0.991616484686262
,1,False,98,hint_dialogue,False,False,0.2024114939328192
,1,False,103,,True,False,0.635022230143636
False,1,False,112,incorrect_exercise_dialogue,True,True,0.8780215548996099
True,1,False,112,correct_exercise_dialogue,True,True,0.34884365531712536
True,2,True,114,new_exercise_dialogue,True,True,0.5290237691091413
True,3,True,123,new_exercise_dialogue,False,True,0.33340270209329814
False,4,True,126,hint_dialogue,False,True,0.04834211118396636
True,4,False,130,correct_exercise_dialogue,True,True,0.09011990469313869
False,5,True,130,incorrect_exercise_dialogue,True,True,0.6827466380045679
,5,False,139,,True,False,0.9471269001674197
,5,False,149,,True,False,0.8586562529215699
,5,False,155,,False,False,0.6836922996940842
False,5,False,156,hint_dialogue,False,True,0.31143300299454146
True,5,False,165,correct_exercise_dialogue,True,True,0.9111078462678662
,6,True,174,hint_dialogue,False,False,0.0660787855537337
False,6,False,175,hint_dialogue,False,True,0.40734304630443663
,6,False,180,,True,False,0.6634531417970535
,6,False,186,,False,False,0.6931917679250171
,6,False,194,hint_dialogue,False,False,0.2010882341288488
True,6,False,202,correct_exercise_dialogue,True,True,0.07914688311760898
True,7,True,204,new_exercise_dialogue,True,True,0.29895062433249153
False,8,True,208,incorrect_exercise_dialogue,False,True,0.7671481687863254
,8,False,215,hint_dialogue,False,False,0.4719690975697418
,8,False,221,hint_dialogue,False,False,0.4107669525494496
,8,False,221,,False,False,0.8184631395342007
False,8,False,229,incorrect_exercise_dialogue,False,True,0.8381336914620034
False,8,False,232,hint_dialogue,True,True,0.3464827559704333
,8,False,234,hint_dialogue,True,False,0.29530809895949917
True,8,False,235,correct_exercise_dialogue,True,True,0.39628183615528323
,9,True,240,new_exercise_dialogue,True,False,0.8329224745407693
False,9,False,245,hint_dialogue,True,True,0.016214660769929612
False,9,False,249,hint_dialogue,True,True,0.43073659258421526
True,9,False,249,correct_exercise_dialogue,False,True,0.848366723013595
,10,True,253,hint_dialogue,True,False,0.08152504772234426
False,10,False,253,incorrect_exercise_dialogue,True,True,0.5244911671563391
,10,False,254,hint_dialogue,False,False,0.4905396583943016
True,10,False,255,correct_exercise_dialogue,False,True,0.8758567949928175
False,11,True,261,hint_dialogue,True,True,0.29851734060514434
False,11,False,269,hint_dialogue,False,True,0.06535238273263244
,11,False,277,hint_dialogue,False,False,0.2450655428889752
True,11,False,284,correct_exercise_dialogue,False,True,0.6586632983121317
False,12,True,289,hint_dialogue,False,True,0.016076865350729275
True,12,False,299,correct_exercise_dialogue,False,True,0.5357352535122156
,13,True,306,new_exercise_dialogue,False,False,0.700731857986034
,13,False,306,hint_dialogue,True,False,0.07110525314884741
,13,False,312,,False,False,0.5345281670970867
False,13,False,321,hint_dialogue,False,True,0.024592040379845748
,13,False,328,,True,False,0.7173013094972401
False,13,False,338,incorrect_exercise_dialogue,True,True,0.9948136830033988
True,13,False,342,correct_exercise_dialogue,True,True,0.42644979222359614
False,14,True,345,incorrect_exercise_dialogue,False,True,0.6282059879964964
False,14,False,345,incorrect_exercise_dialogue,True,True,0.6458110383738775
False,14,False,350,hint_dialogue,False,True,0.12301649848004026
False,14,False,350,incorrect_exercise_dialogue,True,True,0.8575546036570879
,14,False,357,hint_dialogue,False,False,0.25194774748130855
False,14,False,357,incorrect_exercise_dialogue,False,True,0.7383887983803864
,14,False,360,hint_dialogue,True,False,0.2588497193174897
True,14,False,368,correct_exercise_dialogue,True,True,0.4215495722963727
,15,True,371,new_exercise_dialogue,True,False,0.6505979386587708
,15,False,376,,True,False,0.8061720787351334
False,15,False,385,incorrect_exercise_dialogue,False,True,0.8236412009304219
False,15,False,391,incorrect_exercise_dialogue,True,True,0.7685450048821915
,15,False,395,,True,False,0.7621145528292246
,15,False,405,hint_dialogue,False,False,0.15319487583643232
False,15,False,411,hint_dialogue,True,True,0.2141918617393579
,15,False,418,,True,False,0.57791368569177
,15,False,421,,False,False,0.8167365618703636
,15,False,431,,True,False,0.6068941644998331
,15,False,431,hint_dialogue,False,False,0.026731424736305853
,15,False,432,hint_dialogue,True,False,0.04364446393740529
False,15,False,433,hint_dialogue,True,True,0.20738709137220424
,15,False,437,,False,False,0.6539596524732182
,15,False,447,hint_dialogue,False,False,0.4633640637750569
True,15,False,451,correct_exercise_dialogue,False,True,0.7239883495512216
True,16,True,459,new_exercise_dialogue,False,True,0.3682820555492258
,17,True,467,hint_dialogue,False,False,0.3853906752268206
,17,False,467,,False,False,0.6553511622991426
True,17,False,477,correct_exercise_dialogue,True,True,0.8661303552742842
,18,True,487,new_exercise_dialogue,False,False,0.5962779860894766
,18,False,490,,False,False,0.6999333297724486
,18,False,491,,False,False,0.8428740064530369
False,18,False,498,hint_dialogue,True,True,0.3078680725485925
True,18,False,508,correct_exercise_dialogue,True,True,0.4604155033192153
True,19,True,515,new_exercise_dialogue,False,True,0.5811813995502073
True,20,True,515,new_exercise_dialogue,True,True,0.9702391354414873
True,21,True,524,new_exercise_dialogue,False,True,0.30431953791045363
False,22,True,525,hint_dialogue,True,True,0.29283010936929565
True,22,False,534,correct_exercise_dialogue,False,True,0.02033782228388592
False,23,True,537,hint_dialogue,True,True,0.15882941555538943
True,23,False,545,correct_exercise_dialogue,True,True,0.4235790732897886
False,24,True,545,hint_dialogue,False,True,0.12236294376710422
False,24,False,554,incorrect_exercise_dialogue,False,True,0.5064873933577843
,24,False,563,,True,False,0.905643514166667
,24,False,565,,True,False,0.665041935772414
True,24,False,567,correct_exercise_dialogue,False,True,0.9105920471742163
False,25,True,567,incorrect_exercise_dialogue,False,True,0.7752689061140281
False,25,False,577,incorrect_exercise_dialogue,False,True,0.7890532475701297
False,25,False,586,hint_dialogue,False,True,0.36595228423396153
,25,False,587,hint_dialogue,False,False,0.31772266270607996
,25,False,592,hint_dialogue,True,False,0.3873984796641248
True,25,False,592,correct_exercise_dialogue,True,True,0.6872743897530864
,26,True,598,new_exercise_dialogue,True,False,0.9163337925895465
,26,False,608,hint_dialogue,False,False,0.23987275750272352
,26,False,610,,False,False,0.7079398311554181
False,26,False,617,hint_dialogue,True,True,0.4556617607820158
,26,False,617,hint_dialogue,True,False,0.11168917994537386
,26,False,619,,False,False,0.8228604087760242
,26,False,625,hint_dialogue,True,False,0.0718970001020307
False,26,False,628,incorrect_exercise_dialogue,False,True,0.9130462871492357
,26,False,633,,True,False,0.6339934641166192
,26,False,641,hint_dialogue,True,False,0.18051528653349747
,26,False,647,,False,False,0.9665219618697197
True,26,False,647,correct_exercise_dialogue,True,True,0.23464419453116359
,27,True,647,new_exercise_dialogue,True,False,0.6921005301653772
False,27,False,649,hint_dialogue,False,True,0.029259043331417822
True,27,False,655,correct_exercise_dialogue,True,True,0.5637010085679416
False,28,True,656,hint_dialogue,True,True,0.04692524497603601
True,28,False,665,correct_exercise_dialogue,False,True,0.3958162694824757
True,29,True,675,new_exercise_dialogue,False,True,0.06129729487766389
True,30,True,683,new_exercise_dialogue,False,True,0.5520756568752528
True,31,True,684,new_exercise_dialogue,False,True,0.2643789367586802
,32,True,691,new_exercise_dialogue,True,False,0.8348817814807407
True,32,False,695,correct_exercise_dialogue,True,True,0.2626533462068975
False,33,True,695,hint_dialogue,True,True,0.33459026889507404
,33,False,695,hint_dialogue,True,False,0.45625076673064013
True,33,False,703,correct_exercise_dialogue,False,True,0.837829944089386
,34,True,708,new_exercise_dialogue,True,False,0.9277605878305131
,34,False,717,hint_dialogue,False,False,0.0018518567481176085
False,34,False,721,hint_dialogue,True,True,0.3935073046661627
,34,False,724,hint_dialogue,False,False,0.202750721717738
,34,False,724,hint_dialogue,True,False,0.48328913212737046
False,34,False,730,hint_dialogue,True,True,0.33286216966921445
False,34,False,740,hint_dialogue,False,True,0.3218735479426186
False,34,False,740,incorrect_exercise_dialogue,True,True,0.8875607410817205
False,34,False,744,hint_dialogue,True,True,0.17561909656059593
,34,False,753,hint_dialogue,True,False,0.09407637463552021
,34,False,759,hint_dialogue,False,False,0.18564684894965688
True,34,False,766,correct_exercise_dialogue,False,True,0.5102489035238927
,35,True,771,new_exercise_dialogue,True,False,0.5708172172950912
,35,False,775,hint_dialogue,True,False,0.24343196239512932
True,35,False,775,correct_exercise_dialogue,False,True,0.010181878448330739
True,36,True,782,new_exercise_dialogue,True,True,0.3065833692023179
,37,True,788,new_exercise_dialogue,False,False,0.8393586182850621
False,37,False,788,incorrect_exercise_dialogue,False,True,0.9753357028272936
,37,False,791,,True,False,0.8012036363429901
,37,False,798,,False,False,0.9436972126733982
True,37,False,799,correct_exercise_dialogue,True,True,0.7120727352715861
,38,True,801,hint_dialogue,False,False,0.3663890775882592
,38,False,801,hint_dialogue,False,False,0.380021789822679
,38,False,811,hint_dialogue,True,False,0.36623600746056284
,38,False,819,,False,False,0.5987838520494942
,38,False,823,hint_dialogue,True,False,0.35521019147287825
,38,False,823,hint_dialogue,True,False,0.43397560395524504
,38,False,831,,False,False,0.8086007632478021
,38,False,834,,True,False,0.8604781974706087
,38,False,836,hint_dialogue,False,False,0.4448461901977532
False,38,False,839,hint_dialogue,False,True,0.10401034438353529
,38,False,841,,False,False,0.8411436001628545
,38,False,843,hint_dialogue,True,False,0.1280247486274252
,38,False,851,,False,False,0.8680124249017491
,38,False,857,,True,False,0.6740903019395771
True,38,False,866,correct_exercise_dialogue,True,True,0.45738072911507377
,39,True,867,hint_dialogue,True,False,0.45478613271837476
True,39,False,875,correct_exercise_dialogue,False,True,0.829846851433773
,40,True,879,new_exercise_dialogue,False,False,0.9685725435967927
True,40,False,887,correct_exercise_dialogue,False,True,0.3368088486097409
False,41,True,897,hint_dialogue,True,True,0.32773327139921804
False,41,False,899,incorrect_exercise_dialogue,True,True,0.983397163874123
True,41,False,906,correct_exercise_dialogue,False,True,0.533234973629799
,42,True,908,new_exercise_dialogue,True,False,0.9059714735713118
,42,False,916,hint_dialogue,False,False,0.2909196073102229
,42,False,924,,False,False,0.9348020382616158
True,42,False,933,correct_exercise_dialogue,False,True,0.6417591326518557
,43,True,942,hint_dialogue,True,False,0.016255524389950815
False,43,False,950,incorrect_exercise_dialogue,False,True,0.9833032222520207
,43,False,958,hint_dialogue,True,False,0.31998181521764424
False,43,False,966,hint_dialogue,False,True,0.19641653465304754
False,43,False,969,incorrect_exercise_dialogue,False,True,0.9247275764030831
,43,False,972,,False,False,0.8635388865316911
,43,False,975,,False,False,0.944516027735875
False,43,False,975,incorrect_exercise_dialogue,True,True,0.5104775237062686
,43,False,979,hint_dialogue,False,False,0.48902447911929225
,43,False,989,,True,False,0.8799392132177486
,43,False,996,,False,False,0.5770135325968743
True,43,False,1000,correct_exercise_dialogue,True,True,0.08315408246494671
True,44,True,1006,new_exercise_dialogue,True,True,0.40454514040935696
,45,True,1010,new_exercise_dialogue,True,False,0.9057370885238133
False,45,False,1018,incorrect_exercise_dialogue,False,True,0.9459505781899045
False,45,False,1019,hint_dialogue,False,True,0.045670421734586686
,45,False,1025,,False,False,0.564825841671749
,45,False,1028,,True,False,0.7180728584704624
False,45,False,1029,hint_dialogue,True,True,0.14724945343463702
True,45,False,1029,correct_exercise_dialogue,False,True,0.3378713278644623
True,46,True,1036,new_exercise_dialogue,True,True,0.05965627826894493
True,47,True,1045,new_exercise_dialogue,False,True,0.05015879418354818
True,48,True,1050,new_exercise_dialogue,True,True,0.5746934645184306
True,49,True,1059,new_exercise_dialogue,False,True,0.5355816778008955
True,50,True,1065,new_exercise_dialogue,True,True,0.644033930270659
False,51,True,1070,hint_dialogue,True,True,0.09894377842470758
True,51,False,1080,correct_exercise_dialogue,False,True,0.5756107833010581
True,52,True,1087,new_exercise_dialogue,True,True,0.8584759040019603
True,53,True,1097,new_exercise_dialogue,False,True,0.4914232277028395
,54,True,1098,hint_dialogue,False,False,0.03993048400950827
True,54,False,1100,correct_exercise_dialogue,True,True,0.5939084463120559
True,55,True,1110,new_exercise_dialogue,False,True,0.27688149851983224
False,56,True,1118,incorrect_exercise_dialogue,True,True,0.5955455580978548
False,56,False,1128,incorrect_exercise_dialogue,False,True,0.8042107219681549
,56,False,1133,hint_dialogue,True,False,0.0812809695915565
,56,False,1139,,False,False,0.7954358790536085
,56,False,1145,hint_dialogue,True,False,0.3045801408755655
,56,False,1153,hint_dialogue,True,False,0.4007418142395621
,56,False,1163,hint_dialogue,True,False,0.03139616379791732
,56,False,1164,hint_dialogue,True,False,0.4863008241285437
,56,False,1168,,False,False,0.669254130058074
,56,False,1170,,False,False,0.9452568286586885
,56,False,1173,hint_dialogue,True,False,0.032105709819034045
False,56,False,1174,incorrect_exercise_dialogue,False,True,0.750913687830334
,56,False,1183,hint_dialogue,True,False,0.04887603595748913
True,56,False,1190,correct_exercise_dialogue,False,True,0.7353646136407421
False,57,True,1200,incorrect_exercise_dialogue,True,True,0.7313936762244531
True,57,False,1200,correct_exercise_dialogue,True,True,0.35148443941912444
True,58,True,1209,new_exercise_dialogue,False,True,0.537895799467433
,59,True,1213,new_exercise_dialogue,True,False,0.7684065402073053
,59,False,1215,,False,False,0.657438298921252
False,59,False,1219,incorrect_exercise_dialogue,False,True,0.6341450205519347
,59,False,1227,,True,False,0.7174550057277349
False,59,False,1235,hint_dialogue,False,True,0.45748456605397414
False,59,False,1236,incorrect_exercise_dialogue,False,True,0.6741233364977917
False,59,False,1242,hint_dialogue,False,True,0.2821164619113795
,59,False,1252,hint_dialogue,True,False,0.3711132405554569
,59,False,1256,,True,False,0.6548780985670674
True,59,False,1259,correct_exercise_dialogue,True,True,0.33689492486458195
,60,True,1259,hint_dialogue,False,False,0.13973873323343233
,60,False,1267,hint_dialogue,True,False,0.09090935446904291
True,60,False,1275,correct_exercise_dialogue,True,True,0.1585775446650738
,61,True,1277,new_exercise_dialogue,True,False,0.8562618302812297
,61,False,1283,,False,False,0.7078345453549825
,61,False,1293,,False,False,0.9221247183704299
True,61,False,1300,correct_exercise_dialogue,False,True,0.36822077913846085
True,62,True,1307,new_exercise_dialogue,False,True,0.23394797224495156
False,63,True,1311,hint_dialogue,True,True,0.3648082752763149
True,63,False,1316,correct_exercise_dialogue,True,True,0.7272306497292864
,64,True,1321,new_exercise_dialogue,True,False,0.838714376583096
,64,False,1321,hint_dialogue,False,False,0.16787997769442442
False,64,False,1325,hint_dialogue,True,True,0.14002882220904256
True,64,False,1335,correct_exercise_dialogue,True,True,0.08187972095464857
,65,True,1339,new_exercise_dialogue,True,False,0.8721949133826232
,65,False,1345,hint_dialogue,True,False,0.4335216667631109
,65,False,1348,,True,False,0.563212659842989
,65,False,1355,,False,False,0.796589389495734
True,65,False,1361,correct_exercise_dialogue,True,True,0.3684388525362189
False,66,True,1363,incorrect_exercise_dialogue,False,True,0.5282492917125063
,66,False,1366,hint_dialogue,False,False,0.1591898443103147
,66,False,1374,,False,False,0.7588692924743701
,66,False,1374,,False,False,0.746596843791213
,66,False,1383,hint_dialogue,False,False,0.44914943211885483
True,66,False,1383,correct_exercise_dialogue,False,True,0.016898533641094504
True,67,True,1383,new_exercise_dialogue,True,True,0.5505347388208406
,68,True,1390,new_exercise_dialogue,False,False,0.6563459629485374
,68,False,1399,hint_dialogue,False,False,0.37194275562716705
,68,False,1405,hint_dialogue,False,False,0.3321231233516585
True,68,False,1411,correct_exercise_dialogue,False,True,0.8525272754237672
True,69,True,1412,new_exercise_dialogue,True,True,0.19198523558657432
,70,True,1421,hint_dialogue,True,False,0.46072069567702323
,70,False,1427,hint_dialogue,False,False,0.17601902425932614
False,70,False,1434,hint_dialogue,False,True,0.46016654917534894
True,70,False,1436,correct_exercise_dialogue,False,True,0.41149300885996576
,71,True,1439,hint_dialogue,False,False,0.2164196017567982
True,71,False,1439,correct_exercise_dialogue,False,True,0.1771823353323534
,72,True,1446,new_exercise_dialogue,False,False,0.8668547208319505
,72,False,1447,,True,False,0.9606438886343985
,72,False,1454,,False,False,0.9876956759091795
True,72,False,1464,correct_exercise_dialogue,False,True,0.07095758539557429
,73,True,1468,new_exercise_dialogue,False,False,0.5560282388470074
False,73,False,1471,hint_dialogue,True,True,0.404854707491651
,73,False,1481,hint_dialogue,True,False,0.12401170837628628
,73,False,1489,hint_dialogue,True,False,0.17725300412128575
False,73,False,1495,incorrect_exercise_dialogue,False,True,0.8087018750025327
,73,False,1499,hint_dialogue,False,False,0.41687466055026834
,73,False,1507,,True,False,0.6183908149502353
True,73,False,1509,correct_exercise_dialogue,True,True,0.7050995592769949
,74,True,1510,hint_dialogue,False,False,0.3237526492730334
,74,False,1514,,False,False,0.6245563784614497
,74,False,1520,hint_dialogue,True,False,0.010058397865464364
,74,False,1522,hint_dialogue,True,False,0.11283011312807811
,74,False,1526,,False,False,0.5242702115475346
True,74,False,1534,correct_exercise_dialogue,True,True,0.5479236568703454
,75,True,1541,new_exercise_dialogue,False,False,0.8413622274368688
True,75,False,1543,correct_exercise_dialogue,True,True,0.4654719151751632
True,76,True,1553,new_exercise_dialogue,True,True,0.7621920148813265
,77,True,1561,hint_dialogue,False,False,0.01114238166048609
,77,False,1561,,False,False,0.8441967907454228
True,77,False,1568,correct_exercise_dialogue,True,True,0.5617807982752666
True,78,True,1578,new_exercise_dialogue,False,True,0.9290267409047503
False,79,True,1585,incorrect_exercise_dialogue,False,True,0.9076770811860628
,79,False,1588,hint_dialogue,False,False,0.10796966877573633
,79,False,1589,,True,False,0.9679791207768348
True,79,False,1597,correct_exercise_dialogue,False,True,0.8338803035365697
,80,True,1599,new_exercise_dialogue,True,False,0.8311677874164521
,80,False,1606,hint_dialogue,False,False,0.12696861554807648
True,80,False,1615,correct_exercise_dialogue,True,True,0.8179760641876699
False,81,True,1625,incorrect_exercise_dialogue,False,True,0.9361734992264551
,81,False,1629,,True,False,0.8221922969087743
False,81,False,1637,hint_dialogue,True,True,0.033098325489724245
,81,False,1639,,False,False,0.5364216920404209
,81,False,1649,,True,False,0.7989960545446236
True,81,False,1658,correct_exercise_dialogue,True,True,0.6293993448183999
,82,True,1667,hint_dialogue,True,False,0.32439608582896995
False,82,False,1674,incorrect_exercise_dialogue,True,True,0.8048492380469913
,82,False,1681,,True,False,0.8409904774141023
,82,False,1691,hint_dialogue,False,False,0.40616647891927804
True,82,False,1694,correct_exercise_dialogue,False,True,0.5206160578961115
,83,True,1701,hint_dialogue,True,False,0.07087454804806415
True,83,False,1709,correct_exercise_dialogue,False,True,0.7643886888698592
,84,True,1717,new_exercise_dialogue,True,False,0.9369529705874469
False,84,False,1720,incorrect_exercise_dialogue,False,True,0.517821568627491
,84,False,1728,,True,False,0.8450601467900019
True,84,False,1738,correct_exercise_dialogue,False,True,0.9837588647695132
,85,True,1748,hint_dialogue,False,False,0.45608618551817726
True,85,False,1750,correct_exercise_dialogue,True,True,0.10561970148745081
,86,True,1751,hint_dialogue,False,False,0.4797682437519789
False,86,False,1755,incorrect_exercise_dialogue,False,True,0.8249968650264987
False,86,False,1764,hint_dialogue,True,True,0.3781522799563174
True,86,False,1772,correct_exercise_dialogue,False,True,0.18622430770477727
True,87,True,1774,new_exercise_dialogue,True,True,0.2373529975359585
False,88,True,1784,hint_dialogue,False,True,0.03776558091768489
False,88,False,1793,incorrect_exercise_dialogue,False,True,0.5828062823875189
,88,False,1801,,True,False,0.8495328012231111
True,88,False,1809,correct_exercise_dialogue,True,True,0.9784829359020912
,89,True,1819,hint_dialogue,False,False,0.3394337665515271
,89,False,1829,hint_dialogue,True,False,0.35039887354389476
True,89,False,1831,correct_exercise_dialogue,True,True,0.34954349143400887
False,90,True,1841,incorrect_exercise_dialogue,False,True,0.9529381392670708
,90,False,1845,hint_dialogue,False,False,0.14414033440302876
,90,False,1849,,False,False,0.7860553323495407
True,90,False,1854,correct_exercise_dialogue,False,True,0.5633220348824475
,91,True,1864,hint_dialogue,True,False,0.34771033802217877
,91,False,1865,hint_dialogue,True,False,0.36288635707151673
False,91,False,1867,incorrect_exercise_dialogue,False,True,0.5176383119926712
,91,False,1874,hint_dialogue,False,False,0.4153989680772121
False,91,False,1879,incorrect_exercise_dialogue,False,True,0.813910619604293
False,91,False,1886,hint_dialogue,True,True,0.22095299062211882
True,91,False,1886,correct_exercise_dialogue,True,True,0.4641401734640539
,92,True,1888,hint_dialogue,False,False,0.014944751856733718
True,92,False,1897,correct_exercise_dialogue,False,True,0.47858681174205253
True,93,True,1901,new_exercise_dialogue,False,True,0.9294240518307659
,94,True,1908,new_exercise_dialogue,False,False,0.8626844285777564
,94,False,1911,,False,False,0.5799775758770159
False,94,False,1916,hint_dialogue,False,True,0.3892870170239362
False,94,False,1925,incorrect_exercise_dialogue,False,True,0.7771267534366665
False,94,False,1925,hint_dialogue,False,True,0.08392663995235516
,94,False,1930,,True,False,0.8568340282892021
,94,False,1940,,False,False,0.5973214464045625
False,94,False,1950,hint_dialogue,False,True,0.055132858444135846
,94,False,1958,,False,False,0.8150721473582847
,94,False,1960,hint_dialogue,False,False,0.46836161418774847
,94,False,1962,hint_dialogue,True,False,0.42309762922363003
,94,False,1964,hint_dialogue,True,False,0.15485929090139183
,94,False,1970,,True,False,0.9138256638274691
True,94,False,1975,correct_exercise_dialogue,True,True,0.5146485431943016
,95,True,1984,hint_dialogue,False,False,0.17367706191676957
,95,False,1994,,False,False,0.8648682101656363
True,95,False,2001,correct_exercise_dialogue,True,True,0.8398837990590848
False,96,True,2001,hint_dialogue,True,True,0.29242475201503226
True,96,False,2005,correct_exercise_dialogue,False,True,0.3246116436991191
False,97,True,2014,hint_dialogue,False,True,0.10380820464050722
,97,False,2019,hint_dialogue,True,False,0.39671382298035696
,97,False,2029,,True,False,0.7707829407741791
,97,False,2036,hint_dialogue,False,False,0.45257053347523657
,97,False,2043,,True,False,0.9210883681392565
,97,False,2053,,True,False,0.6335952743105416
,97,False,2062,hint_dialogue,True,False,0.24003461547157967
False,97,False,2065,hint_dialogue,True,True,0.3960838632258151
True,97,False,2066,correct_exercise_dialogue,True,True,0.34544360631800664
True,98,True,2076,new_exercise_dialogue,True,True,0.023819661323359664
,99,True,2077,new_exercise_dialogue,True,False,0.9114699566451144
True,99,False,2086,correct_exercise_dialogue,True,True,0.9245737089243345
,100,True,2094,hint_dialogue,False,False,0.1950989819369342
False,100,False,2095,incorrect_exercise_dialogue,True,True,0.5948820683914697
,100,False,2095,,False,False,0.9273083303785122
True,100,False,2096,correct_exercise_dialogue,True,True,0.5125909523641184
,101,True,2102,hint_dialogue,True,False,0.012124614189459648
,101,False,2112,hint_dialogue,True,False,0.4414388056474138
,101,False,2122,hint_dialogue,False,False,0.29574720757542405
,101,False,2132,hint_dialogue,True,False,0.32271696753987233
,101,False,2135,,False,False,0.6865255787337755
,101,False,2144,,False,False,0.847413897942737
False,101,False,2146,hint_dialogue,False,True,0.42850469007483805
,101,False,2152,hint_dialogue,True,False,0.07659739867847193
False,101,False,2152,hint_dialogue,True,True,0.38740953366056086
,101,False,2158,hint_dialogue,True,False,0.23757243125913707
,101,False,2161,,False,False,0.7383957899397374
,101,False,2167,,False,False,0.953462564278806
,101,False,2171,hint_dialogue,False,False,0.32498469249480333
,101,False,2179,hint_dialogue,False,False,0.016431435175709996
False,101,False,2180,hint_dialogue,True,True,0.44019493533706233
,101,False,2183,hint_dialogue,True,False,0.341768732285211
,101,False,2193,hint_dialogue,False,False,0.41166151605074297
,101,False,2203,,True,False,0.790460820001979
,101,False,2212,,False,False,0.6412445349816629
True,101,False,2220,correct_exercise_dialogue,True,True,0.28605491177197817
,102,True,2230,new_exercise_dialogue,True,False,0.9723185392051887
False,102,False,2237,hint_dialogue,True,True,0.07308441894065343
,102,False,2239,,True,False,0.5940233418031483
False,102,False,2242,hint_dialogue,True,True,0.31780291764950075
False,102,False,2243,incorrect_exercise_dialogue,True,True,0.8268638042723114
,102,False,2244,hint_dialogue,False,False,0.007282486392301779
False,102,False,2245,hint_dialogue,False,True,0.08597142002158076
,102,False,2250,,True,False,0.9761161256367661
False,102,False,2255,incorrect_exercise_dialogue,False,True,0.8060361740587523
,102,False,2262,,False,False,0.5511970185004345
,102,False,2270,hint_dialogue,True,False,0.45344038798494335
,102,False,2280,,False,False,0.524808288457769
False,102,False,2286,incorrect_exercise_dialogue,True,True,0.7695170152538674
,102,False,2296,,False,False,0.8670488466256566
True,102,False,2302,correct_exercise_dialogue,True,True,0.2671507925968547
False,103,True,2306,hint_dialogue,True,True,0.3295501683084644
True,103,False,2314,correct_exercise_dialogue,False,True,0.6447631980419333
,104,True,2323,new_exercise_dialogue,False,False,0.7625716668665699
,104,False,2333,,True,False,0.9512437116845589
True,104,False,2336,correct_exercise_dialogue,True,True,0.147318583442132
False,105,True,2341,incorrect_exercise_dialogue,True,True,0.6195851213491729
False,105,False,2349,hint_dialogue,True,True,0.41349518286351883
,105,False,2349,hint_dialogue,False,False,0.01501285366858296
,105,False,2354,,True,False,0.7610709713716801
,105,False,2358,hint_dialogue,False,False,0.07025696617013921
,105,False,2364,hint_dialogue,True,False,0.06946727002674047
True,105,False,2370,correct_exercise_dialogue,False,True,0.6923328937565489
True,106,True,2378,new_exercise_dialogue,True,True,0.8245498198177569
True,107,True,2384,new_exercise_dialogue,False,True,0.5681945463823453
,108,True,2391,hint_dialogue,True,False,0.08027311398816606
True,108,False,2398,correct_exercise_dialogue,True,True,0.8232726372534808
,109,True,2405,hint_dialogue,False,False,0.40703878792555037
True,109,False,2412,correct_exercise_dialogue,False,True,0.6369454083561767
,110,True,2414,new_exercise_dialogue,False,False,0.6474947153699963
False,110,False,2424,incorrect_exercise_dialogue,False,True,0.7953214554884748
,110,False,2434,hint_dialogue,True,False,0.382398824462963
False,110,False,2442,hint_dialogue,False,True,0.14457417708522935
,110,False,2442,,True,False,0.7151793684681147
,110,False,2452,,True,False,0.9430640542127666
True,110,False,2460,correct_exercise_dialogue,False,True,0.23038635353995074
True,111,True,2463,new_exercise_dialogue,True,True,0.6567677903578029
True,112,True,2471,new_exercise_dialogue,True,True,0.23725653836511107
,113,True,2476,hint_dialogue,True,False,0.12892883330580152
False,113,False,2485,hint_dialogue,True,True,0.2666392184598718
,113,False,2492,hint_dialogue,False,False,0.4830888436613252
,113,False,2495,,False,False,0.6196896608920485
,113,False,2500,,True,False,0.5831303198670847
,113,False,2500,hint_dialogue,True,False,0.3782785724277067
False,113,False,2502,hint_dialogue,False,True,0.1268489725647951
,113,False,2504,,True,False,0.9646162842016357
,113,False,2507,hint_dialogue,False,False,0.22031006589344893
,113,False,2515,hint_dialogue,True,False,0.16155377955573202
,113,False,2521,hint_dialogue,True,False,0.2673405838023689
False,113,False,2525,incorrect_exercise_dialogue,True,True,0.7025114126197596
True,113,False,2532,correct_exercise_dialogue,False,True,0.9558166249149994
True,114,True,2534,new_exercise_dialogue,True,True,0.37414569086756055
,115,True,2539,new_exercise_dialogue,True,False,0.9634323225388978
,115,False,2546,hint_dialogue,True,False,0.1450438524619777
False,115,False,2548,incorrect_exercise_dialogue,False,True,0.7556001144816404
,115,False,2550,hint_dialogue,False,False,0.19635274440121364
True,115,False,2556,correct_exercise_dialogue,False,True,0.6486067346186672
True,116,True,2566,new_exercise_dialogue,True,True,0.29215381633580395
False,117,True,2574,hint_dialogue,False,True,0.3475406221326717
True,117,False,2582,correct_exercise_dialogue,True,True,0.49264278414820395
True,118,True,2583,new_exercise_dialogue,True,True,0.6743226198290175
True,119,True,2584,new_exercise_dialogue,False,True,0.6150927097013383
True,120,True,2586,new_exercise_dialogue,False,True,0.7071077208245534
True,121,True,2586,new_exercise_dialogue,True,True,0.17902260544623572
,122,True,2587,new_exercise_dialogue,False,False,0.6623931563377528
,122,False,2595,hint_dialogue,True,False,0.38199772620046735
,122,False,2598,,True,False,0.8372319703845554
,122,False,2599,,True,False,0.8076361059091144
True,122,False,2600,correct_exercise_dialogue,False,True,0.9839284698815506
True,123,True,2608,new_exercise_dialogue,False,True,0.026432858757458155
True,124,True,2608,new_exercise_dialogue,False,True,0.1874762902538215
True,125,True,2618,new_exercise_dialogue,True,True,0.8047619436150328
,126,True,2625,hint_dialogue,True,False,0.018349184322284495
,126,False,2635,hint_dialogue,True,False,0.41717387482909274
True,126,False,2638,correct_exercise_dialogue,False,True,0.6207094668822992
True,127,True,2643,new_exercise_dialogue,True,True,0.7968382678710485
,128,True,2644,new_exercise_dialogue,False,False,0.702064927768104
,128,False,2650,,False,False,0.7788899263599979
,128,False,2657,hint_dialogue,True,False,0.20288792392933053
True,128,False,2666,correct_exercise_dialogue,False,True,0.45294485170232734
True,129,True,2675,new_exercise_dialogue,False,True,0.48283573933165214
True,130,True,2682,new_exercise_dialogue,False,True,0.16097662127300894
,131,True,2691,hint_dialogue,True,False,0.21955119303527892
True,131,False,2694,correct_exercise_dialogue,False,True,0.42904568850414115
True,132,True,2704,new_exercise_dialogue,True,True,0.44140951701301245
,133,True,2707,new_exercise_dialogue,True,False,0.6512950146402389
False,133,False,2709,incorrect_exercise_dialogue,False,True,0.7579793590633139
False,133,False,2717,hint_dialogue,False,True,0.0487697410980128
,133,False,2727,,True,False,0.9173441840847849
False,133,False,2730,incorrect_exercise_dialogue,True,True,0.715602415820978
False,133,False,2732,hint_dialogue,True,True,0.1632983149209406
True,133,False,2735,correct_exercise_dialogue,True,True,0.2621371796374725
,134,True,2736,hint_dialogue,False,False,0.0827233173338291
,134,False,2738,,False,False,0.9032155553334658
,134,False,2744,hint_dialogue,True,False,0.40316021522765244
True,134,False,2751,correct_exercise_dialogue,True,True,0.979325150077681
,135,True,2758,new_exercise_dialogue,True,False,0.8487706023761659
,135,False,2759,hint_dialogue,True,False,0.2084856001080868
,135,False,2763,hint_dialogue,True,False,0.42126563461687105
,135,False,2771,,False,False,0.7778963314772015
True,135,False,2775,correct_exercise_dialogue,True,True,0.9200023377576689
,136,True,2781,hint_dialogue,True,False,0.4542817361360437
True,136,False,2790,correct_exercise_dialogue,True,True,0.13435078627136876
False,137,True,2790,hint_dialogue,True,True,0.45110672511500627
,137,False,2799,,True,False,0.618116193169723
False,137,False,2802,hint_dialogue,False,True,0.14139426370230257
,137,False,2804,,False,False,0.5352913341936096
,137,False,2806,,False,False,0.8568737705644716
,137,False,2811,hint_dialogue,True,False,0.21504186381487755
False,137,False,2820,incorrect_exercise_dialogue,True,True,0.9501106175977259
,137,False,2830,,True,False,0.7489205528960033
False,137,False,2836,incorrect_exercise_dialogue,False,True,0.9259573383315984
True,137,False,2837,correct_exercise_dialogue,True,True,0.14753631079292862
,138,True,2847,hint_dialogue,True,False,0.1577754579171885
,138,False,2847,,True,False,0.5629600285552022
,138,False,2857,hint_dialogue,False,False,0.051587406507697664
False,138,False,2858,hint_dialogue,False,True,0.4517420858063861
,138,False,2861,hint_dialogue,False,False,0.03242256683688294
,138,False,2866,hint_dialogue,False,False,0.19815440293141606
False,138,False,2868,hint_dialogue,True,True,0.35536015581943015
,138,False,2869,hint_dialogue,True,False,0.03155539542148578
,138,False,2873,hint_dialogue,True,False,0.2670395315717149
,138,False,2878,hint_dialogue,False,False,0.4360634932313334
,138,False,2882,hint_dialogue,True,False,0.08843362157128398
True,138,False,2890,correct_exercise_dialogue,True,True,0.47188348413913095
True,139,True,2896,new_exercise_dialogue,False,True,0.19470308972407369
False,140,True,2900,hint_dialogue,True,True,0.14806669079804702
True,140,False,2910,correct_exercise_dialogue,True,True,0.4022453054679881
,141,True,2915,hint_dialogue,False,False,0.041365240649449686
,141,False,2917,,True,False,0.8411937666585374
False,141,False,2926,incorrect_exercise_dialogue,False,True,0.7807280666309756
False,141,False,2930,hint_dialogue,True,True,0.07372698904455888
,141,False,2933,hint_dialogue,False,False,0.30734175707031997
True,141,False,2937,correct_exercise_dialogue,True,True,0.7128737832645853
,142,True,2944,new_exercise_dialogue,False,False,0.5540791686758776
True,142,False,2954,correct_exercise_dialogue,True,True,0.9371562161076278
False,143,True,2955,hint_dialogue,True,True,0.07667407878867838
False,143,False,2965,incorrect_exercise_dialogue,True,True,0.8922587942515393
False,143,False,2972,hint_dialogue,True,True,0.1136935885969792
False,143,False,2975,incorrect_exercise_dialogue,True,True,0.5100211228313191
,143,False,2981,,False,False,0.9966641492832409
,143,False,2991,hint_dialogue,False,False,0.38400704977962274
True,143,False,3001,correct_exercise_dialogue,False,True,0.3903056293356655
,144,True,3011,hint_dialogue,False,False,0.38849946096537324
True,144,False,3011,correct_exercise_dialogue,False,True,0.23057591496140273
False,145,True,3017,hint_dialogue,True,True,0.039630845619338495
False,145,False,3024,hint_dialogue,True,True,0.23436871674803716
False,145,False,3027,hint_dialogue,False,True,0.25027992385044306
,145,False,3029,,False,False,0.5797002008726482
True,145,False,3034,correct_exercise_dialogue,False,True,0.03843556660543057
,146,True,3043,hint_dialogue,True,False,0.07781417960462322
False,146,False,3049,incorrect_exercise_dialogue,True,True,0.7485657100278921
True,146,False,3051,correct_exercise_dialogue,False,True,0.27181404158909594
False,147,True,3051,hint_dialogue,True,True,0.17981178247383434
False,147,False,3055,incorrect_exercise_dialogue,False,True,0.8403207117060972
True,147,False,3057,correct_exercise_dialogue,True,True,0.38521718557509343
,148,True,3061,new_exercise_dialogue,True,False,0.5343150273990497
True,148,False,3069,correct_exercise_dialogue,True,True,0.2683625951518145
,149,True,3074,hint_dialogue,True,False,0.17586000095963972
True,149,False,3078,correct_exercise_dialogue,True,True,0.5910700504907509
False,150,True,3080,hint_dialogue,False,True,0.3319849634596135
False,150,False,3090,incorrect_exercise_dialogue,True,True,0.9094084257530124
,150,False,3096,hint_dialogue,True,False,0.12675417470652428
False,150,False,3105,hint_dialogue,False,True,0.26233251653290157
False,150,False,3107,incorrect_exercise_dialogue,True,True,0.8121251241715468
False,150,False,3116,incorrect_exercise_dialogue,True,True,0.8546984690110816
True,150,False,3124,correct_exercise_dialogue,True,True,0.8875570123166587
True,151,True,3132,new_exercise_dialogue,False,True,0.032929634291401055
True,152,True,3142,new_exercise_dialogue,False,True,0.1082420572929087
,153,True,3143,hint_dialogue,False,False,0.43677483159178687
,153,False,3148,,True,False,0.7247244702553223
,153,False,3152,,True,False,0.6949708533905801
,153,False,3159,hint_dialogue,False,False,0.08199366074941816
True,153,False,3161,correct_exercise_dialogue,True,True,0.12125780529764718
,154,True,3168,hint_dialogue,True,False,0.4757567766259656
,154,False,3176,,False,False,0.7196130619073612
False,154,False,3176,incorrect_exercise_dialogue,True,True,0.6535901507346187
True,154,False,3184,correct_exercise_dialogue,False,True,0.08185382881068493
True,155,True,3188,new_exercise_dialogue,True,True,0.6906380800163413
,156,True,3191,new_exercise_dialogue,False,False,0.570105665517266
,156,False,3200,,False,False,0.6065779529587951
True,156,False,3210,correct_exercise_dialogue,False,True,0.7382831729025945
True,157,True,3215,new_exercise_dialogue,False,True,0.5673013230125497
,158,True,3220,new_exercise_dialogue,False,False,0.9243089640382303
False,158,False,3221,hint_dialogue,False,True,0.43813946891211697
False,158,False,3223,incorrect_exercise_dialogue,True,True,0.6069345034844631
True,158,False,3230,correct_exercise_dialogue,False,True,0.6633036566280514
,159,True,3233,new_exercise_dialogue,False,False,0.827399036534084
True,159,False,3241,correct_exercise_dialogue,True,True,0.14304117690696072
True,160,True,3244,new_exercise_dialogue,True,True,0.005790111575092571
,161,True,3248,new_exercise_dialogue,False,False,0.8411636447030075
,161,False,3257,,True,False,0.9558214937052486
,161,False,3261,hint_dialogue,False,False,0.31278532973645234
True,161,False,3266,correct_exercise_dialogue,False,True,0.9180521220069434
,162,True,3273,new_exercise_dialogue,False,False,0.7783862807895157
,162,False,3273,hint_dialogue,False,False,0.32676280611417496
,162,False,3273,hint_dialogue,False,False,0.39981438019950566
False,162,False,3279,hint_dialogue,False,True,0.3781334276851469
,162,False,3281,hint_dialogue,True,False,0.29291763133020976
False,162,False,3283,hint_dialogue,True,True,0.10269274642568349
,162,False,3283,hint_dialogue,False,False,0.4265214932732143
True,162,False,3288,correct_exercise_dialogue,True,True,0.6989740181354317
True,163,True,3290,new_exercise_dialogue,False,True,0.49697474124954144
,164,True,3292,new_exercise_dialogue,True,False,0.8401784821853561
False,164,False,3293,hint_dialogue,True,True,0.387473798453043
False,164,False,3299,hint_dialogue,False,True,0.021490351219648263
,164,False,3301,,False,False,0.721273939773421
True,164,False,3309,correct_exercise_dialogue,False,True,0.840867516841299
,165,True,3311,hint_dialogue,False,False,0.09442978007178693
,165,False,3311,,True,False,0.6776527976438396
False,165,False,3318,hint_dialogue,True,True,0.31774573619074087
,165,False,3319,,False,False,0.967917417212737
True,165,False,3329,correct_exercise_dialogue,True,True,0.06541954368075042
False,166,True,3332,incorrect_exercise_dialogue,False,True,0.5536333110478348
True,166,False,3336,correct_exercise_dialogue,False,True,0.35404998598632076
,167,True,3338,new_exercise_dialogue,False,False,0.7402059371264399
,167,False,3339,,True,False,0.8266068885027644
,167,False,3349,hint_dialogue,False,False,0.1180328045352016
True,167,False,3349,correct_exercise_dialogue,False,True,0.766972322598953
,168,True,3354,new_exercise_dialogue,False,False,0.9927827653447768
True,168,False,3363,correct_exercise_dialogue,True,True,0.3630101352261853
,169,True,3369,new_exercise_dialogue,False,False,0.7652499810164661
,169,False,3377,hint_dialogue,True,False,0.24084789387496408
True,169,False,3386,correct_exercise_dialogue,False,True,0.4465008535549412
True,170,True,3394,new_exercise_dialogue,True,True,0.8365004534705381
,171,True,3397,new_exercise_dialogue,True,False,0.6281812196974608
,171,False,3402,hint_dialogue,False,False,0.3916655576158705
False,171,False,3411,hint_dialogue,True,True,0.11221404854002259
False,171,False,3420,hint_dialogue,False,True,0.035095921491029136
,171,False,3420,hint_dialogue,True,False,0.22565148790424006
True,171,False,3429,correct_exercise_dialogue,True,True,0.9882210123895431
,172,True,3430,hint_dialogue,False,False,0.16025420505353516
,172,False,3435,,True,False,0.7937539067353525
,172,False,3436,hint_dialogue,False,False,0.16039558356186023
,172,False,3438,hint_dialogue,True,False,0.23435910882272393
,172,False,3441,hint_dialogue,False,False,0.35179663936157657
,172,False,3451,,True,False,0.5602086028785345
,172,False,3456,,True,False,0.722262788587418
,172,False,3464,,True,False,0.7388078086137079
False,172,False,3472,incorrect_exercise_dialogue,False,True,0.8020105735632179
True,172,False,3479,correct_exercise_dialogue,True,True,0.7217485361366203
False,173,True,3480,hint_dialogue,True,True,0.12694852989782246
,173,False,3483,,True,False,0.6271067596470493
,173,False,3483,,False,False,0.6367335581665438
False,173,False,3491,incorrect_exercise_dialogue,False,True,0.5034173556343823
,173,False,3495,,True,False,0.6617854480805178
,173,False,3497,,False,False,0.9331080916930155
False,173,False,3497,incorrect_exercise_dialogue,False,True,0.9393976857542377
False,173,False,3505,hint_dialogue,False,True,0.07085427479118478
True,173,False,3512,correct_exercise_dialogue,False,True,0.10023085904780149
True,174,True,3521,new_exercise_dialogue,True,True,0.13208381026238092
False,175,True,3525,hint_dialogue,True,True,0.22602619445279004
False,175,False,3531,hint_dialogue,False,True,0.15977315735938002
,175,False,3534,,True,False,0.8332714858791392
True,175,False,3543,correct_exercise_dialogue,False,True,0.05224618074884202
,176,True,3548,new_exercise_dialogue,True,False,0.5245678261362666
False,176,False,3548,hint_dialogue,False,True,0.19220302464035566
False,176,False,3556,hint_dialogue,True,True,0.0651677038549453
False,176,False,3556,hint_dialogue,True,True,0.3927223140784617
False,176,False,3563,hint_dialogue,False,True,0.11634333544029274
,176,False,3566,,True,False,0.901197097757215
,176,False,3576,,True,False,0.8581492961212075
True,176,False,3585,correct_exercise_dialogue,True,True,0.25421903826330294
,177,True,3591,new_exercise_dialogue,True,False,0.6685536167531935
,177,False,3597,hint_dialogue,True,False,0.4909175905836919
,177,False,3597,,True,False,0.7667063083067973
,177,False,3602,hint_dialogue,False,False,0.40497719803153476
True,177,False,3610,correct_exercise_dialogue,False,True,0.6885894745614489
False,178,True,3618,incorrect_exercise_dialogue,False,True,0.9687578323856675
False,178,False,3619,incorrect_exercise_dialogue,True,True,0.9499684359484187
False,178,False,3621,incorrect_exercise_dialogue,False,True,0.7585460703390978
True,178,False,3630,correct_exercise_dialogue,True,True,0.49292394108840454
,179,True,3639,hint_dialogue,True,False,0.4371472312583953
True,179,False,3644,correct_exercise_dialogue,False,True,0.9084434639057545
,180,True,3652,hint_dialogue,False,False,0.04652770898436187
,180,False,3660,hint_dialogue,False,False,0.3824309093946858
,180,False,3667,,False,False,0.8110614610071101
,180,False,3675,hint_dialogue,True,False,0.1427683776732951
False,180,False,3681,incorrect_exercise_dialogue,False,True,0.989113448138012
False,180,False,3687,hint_dialogue,True,True,0.3076130086382953
True,180,False,3697,correct_exercise_dialogue,True,True,0.15823634252177532
,181,True,3697,new_exercise_dialogue,True,False,0.8954752974730665
False,181,False,3706,incorrect_exercise_dialogue,True,True,0.6335177012989154
True,181,False,3711,correct_exercise_dialogue,False,True,0.7747323722106374
False,182,True,3719,incorrect_exercise_dialogue,False,True,0.9304210558683899
True,182,False,3725,correct_exercise_dialogue,False,True,0.7694002699924645
,183,True,3732,new_exercise_dialogue,False,False,0.7529940483761116
False,183,False,3735,incorrect_exercise_dialogue,False,True,0.5021764184558015
True,183,False,3739,correct_exercise_dialogue,True,True,0.37175704262888987
,184,True,3739,new_exercise_dialogue,True,False,0.8615331453168158
,184,False,3739,,False,False,0.8832829992727089
,184,False,3742,hint_dialogue,False,False,0.04054301872616706
False,184,False,3745,incorrect_exercise_dialogue,False,True,0.8447976175368634
False,184,False,3750,incorrect_exercise_dialogue,True,True,0.6634500617955011
,184,False,3751,hint_dialogue,False,False,0.27176644620489476
,184,False,3757,,True,False,0.8518859045404973
,184,False,3759,hint_dialogue,False,False,0.16583174053806493
,184,False,3764,hint_dialogue,True,False,0.4865566961158977
,184,False,3770,hint_dialogue,False,False,0.1465844621398581
False,184,False,3770,hint_dialogue,True,True,0.0744702406028066
,184,False,3776,hint_dialogue,False,False,0.044345206818862115
,184,False,3782,hint_dialogue,False,False,0.17355563392126272
True,184,False,3789,correct_exercise_dialogue,True,True,0.643356408391374
,185,True,3797,hint_dialogue,False,False,0.09335698636137024
,185,False,3806,,False,False,0.78532050045262
False,185,False,3809,incorrect_exercise_dialogue,False,True,0.8280699113659385
True,185,False,3818,correct_exercise_dialogue,True,True,0.3335355251424984
,186,True,3818,new_exercise_dialogue,True,False,0.608083908669303
,186,False,3824,hint_dialogue,True,False,0.09217716248792918
False,186,False,3832,incorrect_exercise_dialogue,False,True,0.773810181696422
,186,False,3842,,True,False,0.9459658902602295
,186,False,3844,hint_dialogue,True,False,0.32196562098828496
,186,False,3848,hint_dialogue,True,False,0.4214894494201642
False,186,False,3853,hint_dialogue,False,True,0.22877729998760854
False,186,False,3853,incorrect_exercise_dialogue,True,True,0.7783804914074571
True,186,False,3858,correct_exercise_dialogue,True,True,0.428321554781249
,187,True,3860,hint_dialogue,True,False,0.48316576552979673
False,187,False,3865,incorrect_exercise_dialogue,True,True,0.5699132924460216
,187,False,3871,,False,False,0.6592733161333747
True,187,False,3872,correct_exercise_dialogue,False,True,0.8650410394764902
True,188,True,3877,new_exercise_dialogue,True,True,0.30477684432992935
False,189,True,3880,incorrect_exercise_dialogue,False,True,0.71235621503852
,189,False,3888,,False,False,0.7953054514842145
,189,False,3897,hint_dialogue,True,False,0.4589409113367636
True,189,False,3906,correct_exercise_dialogue,False,True,0.4003047948200984
False,190,True,3908,hint_dialogue,False,True,0.07382379050119603
True,190,False,3913,correct_exercise_dialogue,True,True,0.14486870511819516
,191,True,3923,hint_dialogue,True,False,0.3834315526425438
,191,False,3923,,True,False,0.8632432075505349
,191,False,3924,hint_dialogue,True,False,0.45371128579179854
,191,False,3932,hint_dialogue,True,False,0.10366506531051711
,191,False,3935,,True,False,0.5349989381243434
False,191,False,3944,incorrect_exercise_dialogue,True,True,0.7581237154937482
True,191,False,3950,correct_exercise_dialogue,False,True,0.07056221241617633
,192,True,3960,hint_dialogue,False,False,0.3173997546927867
False,192,False,3964,hint_dialogue,False,True,0.4235573021085566
,192,False,3973,hint_dialogue,False,False,0.25693015503691496
,192,False,3978,,True,False,0.9392360829699852
,192,False,3988,hint_dialogue,False,False,0.14165489468279346
,192,False,3989,,True,False,0.6210161069823826
,192,False,3999,,True,False,0.8124521125673217
False,192,False,4005,incorrect_exercise_dialogue,True,True,0.9094502544880033
False,192,False,4006,hint_dialogue,False,True,0.20813917597615683
False,192,False,4011,incorrect_exercise_dialogue,False,True,0.8890372783673287
False,192,False,4019,incorrect_exercise_dialogue,True,True,0.9891720267416062
False,192,False,4020,incorrect_exercise_dialogue,True,True,0.6934171127529314
,192,False,4030,hint_dialogue,False,False,0.29673657266325215
False,192,False,4034,hint_dialogue,False,True,0.2353315398372463
,192,False,4044,hint_dialogue,True,False,0.47326373761864793
,192,False,4050,hint_dialogue,False,False,0.13889609387911572
,192,False,4058,,True,False,0.5847544653134
True,192,False,4064,correct_exercise_dialogue,False,True,0.08447553274537556
False,193,True,4067,incorrect_exercise_dialogue,True,True,0.9532400836853939
,193,False,4076,,False,False,0.8902733648531564
False,193,False,4084,incorrect_exercise_dialogue,False,True,0.5731252396866934
False,193,False,4087,incorrect_exercise_dialogue,False,True,0.8974343068400212
True,193,False,4088,correct_exercise_dialogue,False,True,0.10645164156228559
,194,True,4088,hint_dialogue,False,False,0.17141821945724556
False,194,False,4096,hint_dialogue,False,True,0.4077179213127837
,194,False,4097,hint_dialogue,False,False,0.3850241756189965
,194,False,4104,,True,False,0.9204906789963063
,194,False,4110,,False,False,0.9879119699491596
False,194,False,4112,hint_dialogue,False,True,0.028347271697744203
,194,False,4115,,True,False,0.6220846465778129
False,194,False,4120,incorrect_exercise_dialogue,False,True,0.8699813263248077
True,194,False,4130,correct_exercise_dialogue,False,True,0.8919556561603905
,195,True,4133,new_exercise_dialogue,False,False,0.9985431546737116
,195,False,4139,,False,False,0.9671013423753877
True,195,False,4145,correct_exercise_dialogue,False,True,0.8363044020178132
False,196,True,4154,incorrect_exercise_dialogue,True,True,0.6578581302311625
,196,False,4157,,False,False,0.987885133580546
,196,False,4158,,False,False,0.6116230596961013
,196,False,4164,hint_dialogue,False,False,0.10215326675743053
False,196,False,4171,incorrect_exercise_dialogue,False,True,0.9294806381307983
False,196,False,4178,incorrect_exercise_dialogue,True,True,0.5460801733974979
,196,False,4179,,False,False,0.6910012807317375
True,196,False,4179,correct_exercise_dialogue,False,True,0.6206488757109637
False,197,True,4182,hint_dialogue,True,True,0.4708530242149328
,197,False,4183,hint_dialogue,True,False,0.2600765306357806
False,197,False,4188,incorrect_exercise_dialogue,False,True,0.8498218473014282
,197,False,4196,hint_dialogue,True,False,0.12587268166933752
,197,False,4202,,False,False,0.6397215256011953
False,197,False,4206,hint_dialogue,True,True,0.4526942421631469
False,197,False,4215,incorrect_exercise_dialogue,False,True,0.9152663960159408
,197,False,4225,,True,False,0.9525902406352738
,197,False,4231,hint_dialogue,True,False,0.10080136330937639
True,197,False,4240,correct_exercise_dialogue,True,True,0.21950836716996658
True,198,True,4247,new_exercise_dialogue,False,True,0.4013702301178307
False,199,True,4250,incorrect_exercise_dialogue,True,True,0.7184664232611253
,199,False,4256,hint_dialogue,True,False,0.06705380781691328
,199,False,4262,hint_dialogue,False,False,0.3102001078931478
,199,False,4264,,False,False,0.843745601290786
,199,False,4264,hint_dialogue,True,False,0.4540029597114571
,199,False,4268,,False,False,0.6127099685055338
,199,False,4277,hint_dialogue,False,False,0.050573589872587754
,199,False,4279,hint_dialogue,True,False,0.11099144640876846
False,199,False,4286,hint_dialogue,False,True,0.028250973817703584
False,199,False,4289,hint_dialogue,True,True,0.4824813425549319
,199,False,4289,,True,False,0.9778894239136289
,199,False,4298,,True,False,0.6356692437950688
,199,False,4303,hint_dialogue,False,False,0.4403088360927515
,199,False,4313,hint_dialogue,False,False,0.4130808214747246
,199,False,4322,,False,False,0.6851528754855611
False,199,False,4323,hint_dialogue,False,True,0.1062084648840953
True,199,False,4326,correct_exercise_dialogue,True,True,0.3610981603813388
True,200,True,4334,new_exercise_dialogue,True,True,0.6118681427034004
,201,True,4341,new_exercise_dialogue,False,False,0.8196727523333015
,201,False,4348,,True,False,0.9860997157749283
,201,False,4349,hint_dialogue,False,False,0.22803378826749376
True,201,False,4354,correct_exercise_dialogue,True,True,0.42233193861625096
,202,True,4354,new_exercise_dialogue,False,False,0.883444895428625
False,202,False,4355,hint_dialogue,False,True,0.1694971027925607
True,202,False,4360,correct_exercise_dialogue,True,True,0.2277904181016852
,203,True,4363,new_exercise_dialogue,True,False,0.6358649273599237
False,203,False,4373,hint_dialogue,False,True,0.3903778955492023
,203,False,4380,,True,False,0.9040953886409984
True,203,False,4386,correct_exercise_dialogue,False,True,0.8570383659194007
True,204,True,4392,new_exercise_dialogue,False,True,0.888543584901786
False,205,True,4401,incorrect_exercise_dialogue,False,True,0.6658121480872276
,205,False,4407,hint_dialogue,False,False,0.45845595397792827
True,205,False,4416,correct_exercise_dialogue,False,True,0.44809213980793783
,206,True,4423,new_exercise_dialogue,True,False,0.5788197729469359
,206,False,4423,hint_dialogue,False,False,0.4927224803317618
True,206,False,4425,correct_exercise_dialogue,False,True,0.21087986544782578
,207,True,4434,new_exercise_dialogue,False,False,0.5782026927356666
True,207,False,4437,correct_exercise_dialogue,True,True,0.3240561986331607
,208,True,4445,hint_dialogue,True,False,0.49964439193771537
True,208,False,4449,correct_exercise_dialogue,False,True,0.6743645508093096
True,209,True,4454,new_exercise_dialogue,False,True,0.7608292097428666
False,210,True,4462,incorrect_exercise_dialogue,True,True,0.8734893163261802
False,210,False,4464,hint_dialogue,True,True,0.10253166531916558
,210,False,4465,hint_dialogue,True,False,0.40146348227566553
,210,False,4472,hint_dialogue,True,False,0.2705185918195132
,210,False,4480,,False,False,0.5275541971900035
True,210,False,4488,correct_exercise_dialogue,True,True,0.3375568366380268
,211,True,4494,hint_dialogue,False,False,0.01619782862516239
False,211,False,4499,hint_dialogue,False,True,0.43873438970040857
True,211,False,4507,correct_exercise_dialogue,False,True,0.36233121914377087
True,212,True,4513,new_exercise_dialogue,False,True,0.7773117260845497
False,213,True,4518,hint_dialogue,True,True,0.41833981521120545
,213,False,4518,,True,False,0.8942414972986438
,213,False,4527,,False,False,0.8000827417046353
False,213,False,4536,incorrect_exercise_dialogue,False,True,0.6433316082307826
,213,False,4541,hint_dialogue,False,False,0.4525196442984186
,213,False,4551,hint_dialogue,False,False,0.07358946755124973
,213,False,4559,hint_dialogue,True,False,0.34474727759687684
,213,False,4562,hint_dialogue,True,False,0.2555407294131298
,213,False,4570,,True,False,0.631404027684932
False,213,False,4577,incorrect_exercise_dialogue,True,True,0.80897855815432
True,213,False,4584,correct_exercise_dialogue,True,True,0.5664675966035597
,214,True,4592,hint_dialogue,True,False,0.38600483037927347
,214,False,4600,hint_dialogue,True,False,0.01080324485555717
True,214,False,4606,correct_exercise_dialogue,True,True,0.2527152381210508
,215,True,4613,new_exercise_dialogue,True,False,0.6130432734769092
True,215,False,4618,correct_exercise_dialogue,False,True,0.5886158244644288
,216,True,4622,hint_dialogue,False,False,0.33743620229017524
,216,False,4623,hint_dialogue,False,False,0.28203635361218315
,216,False,4632,hint_dialogue,False,False,0.23534667130647724
True,216,False,4634,correct_exercise_dialogue,True,True,0.11098193416245616
False,217,True,4634,incorrect_exercise_dialogue,False,True,0.5269591895454943
True,217,False,4644,correct_exercise_dialogue,False,True,0.7661146410634126
,218,True,4654,new_exercise_dialogue,True,False,0.9603660458731447
,218,False,4663,hint_dialogue,True,False,0.059613454702235225
,218,False,4669,,True,False,0.8071453688383228
True,218,False,4673,correct_exercise_dialogue,True,True,0.06786403477344538
,219,True,4673,new_exercise_dialogue,True,False,0.9236155211119392
False,219,False,4675,incorrect_exercise_dialogue,True,True,0.9804977255343724
False,219,False,4677,hint_dialogue,False,True,0.09478727130342735
True,219,False,4687,correct_exercise_dialogue,False,True,0.5532197405625628
True,220,True,4688,new_exercise_dialogue,True,True,0.43503693366783236
,221,True,4698,new_exercise_dialogue,False,False,0.7156231767992006
,221,False,4706,hint_dialogue,True,False,0.3707794698142193
,221,False,4712,hint_dialogue,True,False,0.410899503738441
,221,False,4721,,True,False,0.870439522005021
,221,False,4729,,False,False,0.8837617809977995
False,221,False,4738,hint_dialogue,False,True,0.06097905127894754
True,221,False,4747,correct_exercise_dialogue,True,True,0.8196405783135133
,222,True,4756,new_exercise_dialogue,False,False,0.9951090607485797
,222,False,4759,,True,False,0.9331931960338514
False,222,False,4764,incorrect_exercise_dialogue,False,True,0.6495198128335081
,222,False,4772,,True,False,0.921284712716974
,222,False,4778,hint_dialogue,True,False,0.11188228379910592
,222,False,4778,,False,False,0.9365878962465928
False,222,False,4778,hint_dialogue,True,True,0.13297444041786077
True,222,False,4784,correct_exercise_dialogue,False,True,0.5715075937551747
,223,True,4790,hint_dialogue,False,False,0.07828158696718313
,223,False,4798,,True,False,0.7993829546881349
,223,False,4803,,False,False,0.6057872672783606
,223,False,4804,hint_dialogue,True,False,0.36042567302852324
False,223,False,4806,hint_dialogue,True,True,0.08965545904377226
True,223,False,4806,correct_exercise_dialogue,True,True,0.11074050493177079
False,224,True,4812,hint_dialogue,False,True,0.31573004985987585
,224,False,4814,hint_dialogue,False,False,0.1367060250588572
,224,False,4820,hint_dialogue,True,False,0.20087659428776428
False,224,False,4825,incorrect_exercise_dialogue,True,True,0.5255811511451463
,224,False,4825,,False,False,0.6179619000875045
False,224,False,4832,incorrect_exercise_dialogue,True,True,0.9764749011184651
False,224,False,4838,incorrect_exercise_dialogue,False,True,0.9744659660813099
,224,False,4846,hint_dialogue,False,False,0.2288319257911744
True,224,False,4846,correct_exercise_dialogue,False,True,0.5787002391507581
False,225,True,4848,hint_dialogue,True,True,0.3944111472647519
,225,False,4852,hint_dialogue,True,False,0.45633328019404984
True,225,False,4860,correct_exercise_dialogue,False,True,0.3834519410270676
,226,True,4870,hint_dialogue,True,False,0.2584755985445182
,226,False,4876,hint_dialogue,False,False,0.46190438053448013
,226,False,4876,hint_dialogue,True,False,0.0177180901735442
False,226,False,4886,hint_dialogue,False,True,0.16392511654773068
,226,False,4895,,False,False,0.8827124391415134
,226,False,4899,,False,False,0.5311884060845168
,226,False,4907,hint_dialogue,True,False,0.17166852158254442
,226,False,4907,hint_dialogue,False,False,0.22139587454349818
,226,False,4913,hint_dialogue,False,False,0.22841535386699752
,226,False,4914,hint_dialogue,False,False,0.3913940881751613
,226,False,4923,,False,False,0.6935650353943668
True,226,False,4928,correct_exercise_dialogue,True,True,0.8555244630904287
,227,True,4938,hint_dialogue,True,False,0.16847520320020137
,227,False,4938,hint_dialogue,True,False,0.2696492007862584
True,227,False,4946,correct_exercise_dialogue,True,True,0.4563578306229169
False,228,True,4946,incorrect_exercise_dialogue,True,True,0.8863798969246727
False,228,False,4950,hint_dialogue,True,True,0.399699506220798
False,228,False,4953,incorrect_exercise_dialogue,False,True,0.9777934377033749
False,228,False,4959,hint_dialogue,False,True,0.17916427830224668
True,228,False,4960,correct_exercise_dialogue,True,True,0.5691372305282786
,229,True,4969,new_exercise_dialogue,True,False,0.9910754057004003
True,229,False,4977,correct_exercise_dialogue,False,True,0.5217626851894933
,230,True,4987,new_exercise_dialogue,True,False,0.5717867326138895
,230,False,4988,hint_dialogue,False,False,0.4132036575891471
True,230,False,4992,correct_exercise_dialogue,False,True,0.41407658787986923
,231,True,5000,new_exercise_dialogue,True,False,0.7544614536955093
False,231,False,5006,incorrect_exercise_dialogue,False,True,0.6394656581329274
True,231,False,5009,correct_exercise_dialogue,False,True,0.7688295342215927
,232,True,5016,hint_dialogue,True,False,0.33385132826551966
,232,False,5017,,True,False,0.9185775821681069
,232,False,5022,hint_dialogue,False,False,0.18534877880283096
,232,False,5029,,True,False,0.6112097079581701
,232,False,5031,hint_dialogue,False,False,0.4763571633945649
,232,False,5033,,True,False,0.6214746507323408
True,232,False,5039,correct_exercise_dialogue,True,True,0.26029261723139263
,233,True,5047,hint_dialogue,False,False,0.11806421392571598
False,233,False,5055,hint_dialogue,True,True,0.4613404434813765
,233,False,5061,hint_dialogue,True,False,0.30510008830710356
,233,False,5065,hint_dialogue,False,False,0.19968799652594915
,233,False,5071,hint_dialogue,False,False,0.3154123352544128
True,233,False,5076,correct_exercise_dialogue,False,True,0.5189431698477757
True,234,True,5084,new_exercise_dialogue,False,True,0.1737017970485859
True,235,True,5086,new_exercise_dialogue,True,True,0.5682590199981931
True,236,True,5089,new_exercise_dialogue,True,True,0.7388716771371056
False,237,True,5099,hint_dialogue,True,True,0.31555742896336214
,237,False,5102,hint_dialogue,True,False,0.029076165850727143
False,237,False,5102,incorrect_exercise_dialogue,False,True,0.8753382860090045
True,237,False,5104,correct_exercise_dialogue,False,True,0.5276337027927319
,238,True,5109,hint_dialogue,True,False,0.2567817419796825
True,238,False,5117,correct_exercise_dialogue,True,True,0.6556553644643226
True,239,True,5123,new_exercise_dialogue,False,True,0.5240828613624328
,240,True,5129,new_exercise_dialogue,True,False,0.6157989956170384
,240,False,5133,,True,False,0.7012565123718073
,240,False,5138,hint_dialogue,False,False,0.23514473649180845
,240,False,5147,hint_dialogue,False,False,0.42376948971839135
,240,False,5150,hint_dialogue,True,False,0.1497892232659831
,240,False,5157,hint_dialogue,True,False,0.10354928981252387
True,240,False,5163,correct_exercise_dialogue,True,True,0.1552303192514406
False,241,True,5166,incorrect_exercise_dialogue,False,True,0.594274240775884
,241,False,5166,,True,False,0.9002178760048872
,241,False,5166,hint_dialogue,True,False,0.30585234758804747
False,241,False,5167,hint_dialogue,False,True,0.06445337044878718
False,241,False,5173,incorrect_exercise_dialogue,True,True,0.5437366753347846
True,241,False,5179,correct_exercise_dialogue,True,True,0.9864664943947967
True,242,True,5179,new_exercise_dialogue,True,True,0.25266565630935944
,243,True,5188,hint_dialogue,True,False,0.2806060815286482
True,243,False,5193,correct_exercise_dialogue,False,True,0.4030349092920482
True,244,True,5194,new_exercise_dialogue,True,True,0.5786903850713327
True,245,True,5199,new_exercise_dialogue,False,True,0.8925412831982317
True,246,True,5202,new_exercise_dialogue,False,True,0.13475419592602766
True,247,True,5210,new_exercise_dialogue,True,True,0.4888334485690625
False,248,True,5216,incorrect_exercise_dialogue,False,True,0.587983858649961
True,248,False,5223,correct_exercise_dialogue,False,True,0.6583112073565516
,249,True,5229,new_exercise_dialogue,False,False,0.6584990140523407
True,249,False,5234,correct_exercise_dialogue,False,True,0.9591744652328517
